no;id;t.start;t.stop;event;status;x1;x2
1;1;0;0.181708695;1;0;0;-0.077821267
2;1;0.181708695;0.839981844;1;0;0;-0.077821267
3;1;0.839981844;2.033788002;1;0;0;-0.077821267
4;1;2.033788002;2.536720487;1;0;0;-0.077821267
5;1;2.536720487;2.840214483;0;1;0;-0.077821267
6;2;0;1.085178167;1;0;1;-0.95945491
7;2;1.085178167;7.59073234;1;0;1;-0.95945491
8;2;7.59073234;10.34260464;1;0;1;-0.95945491
9;2;10.34260464;37.55911044;1;0;1;-0.95945491
10;2;37.55911044;60;0;0;1;-0.95945491
11;3;0;0.812297966;1;0;0;-0.097629423
12;3;0.812297966;4.026624524;1;0;0;-0.097629423
13;3;4.026624524;4.304402453;1;0;0;-0.097629423
14;3;4.304402453;7.211710704;1;0;0;-0.097629423
15;3;7.211710704;8.850501408;1;0;0;-0.097629423
16;3;8.850501408;9.343377458;1;0;0;-0.097629423
17;3;9.343377458;10.29909678;0;0;0;-0.097629423
18;4;0;0.3582174;1;0;1;-1.296163835
19;4;0.3582174;1.44263554;1;0;1;-1.296163835
20;4;1.44263554;4.285297429;1;0;1;-1.296163835
21;4;4.285297429;8.937693224;1;0;1;-1.296163835
22;4;8.937693224;20.89327764;1;0;1;-1.296163835
23;4;20.89327764;39.24776241;1;0;1;-1.296163835
24;4;39.24776241;60;0;0;1;-1.296163835
25;5;0;1.169516362;0;1;1;0.657001084
26;6;0;2.695479422;1;0;1;-0.317771501
27;6;2.695479422;4.911297346;1;0;1;-0.317771501
28;6;4.911297346;30.06307364;1;0;1;-0.317771501
29;6;30.06307364;60;0;0;1;-0.317771501
30;7;0;0.469057871;1;0;0;-0.214989419
31;7;0.469057871;0.832046939;0;1;0;-0.214989419
32;8;0;0.439398569;0;1;1;-0.084659166
33;9;0;1.296629853;1;0;0;0.306109087
34;9;1.296629853;3.674813447;1;0;0;0.306109087
35;9;3.674813447;4.321550719;1;0;0;0.306109087
36;9;4.321550719;5.681317023;1;0;0;0.306109087
37;9;5.681317023;14.063804;1;0;0;0.306109087
38;9;14.063804;17.25747075;0;0;0;0.306109087
39;10;0;2.199593222;1;0;0;0.339170089
40;10;2.199593222;26.2122583;1;0;0;0.339170089
41;10;26.2122583;27.88979323;1;0;0;0.339170089
42;10;27.88979323;32.00157247;1;0;0;0.339170089
43;10;32.00157247;37.01638919;0;0;0;0.339170089
44;11;0;2.282282834;1;0;1;0.283975986
45;11;2.282282834;3.550120724;0;1;1;0.283975986
46;12;0;3.222099861;1;0;1;-0.286271302
47;12;3.222099861;13.5607302;1;0;1;-0.286271302
48;12;13.5607302;60;0;0;1;-0.286271302
49;13;0;1.307030568;1;0;0;-0.681645628
50;13;1.307030568;7.059963131;1;0;0;-0.681645628
51;13;7.059963131;8.607788736;0;0;0;-0.681645628
52;14;0;0.11254452;1;0;1;-0.194361122
53;14;0.11254452;1.719357438;1;0;1;-0.194361122
54;14;1.719357438;1.916254405;1;0;1;-0.194361122
55;14;1.916254405;2.672678672;1;0;1;-0.194361122
56;14;2.672678672;9.594610317;1;0;1;-0.194361122
57;14;9.594610317;14.89612149;1;0;1;-0.194361122
58;14;14.89612149;28.23133198;1;0;1;-0.194361122
59;14;28.23133198;35.87025459;0;1;1;-0.194361122
60;15;0;0.780167111;1;0;0;0.138957066
61;15;0.780167111;1.40108258;1;0;0;0.138957066
62;15;1.40108258;17.48028887;1;0;0;0.138957066
63;15;17.48028887;24.6833585;1;0;0;0.138957066
64;15;24.6833585;45.05215758;0;0;0;0.138957066
65;16;0;0.244489749;1;0;1;-0.411540561
66;16;0.244489749;0.402477159;1;0;1;-0.411540561
67;16;0.402477159;0.799077339;1;0;1;-0.411540561
68;16;0.799077339;2.149818859;1;0;1;-0.411540561
69;16;2.149818859;2.548854595;1;0;1;-0.411540561
70;16;2.548854595;5.792024467;1;0;1;-0.411540561
71;16;5.792024467;11.47193685;0;1;1;-0.411540561
72;17;0;0.059538868;1;0;1;-0.034420467
73;17;0.059538868;0.895019796;0;1;1;-0.034420467
74;18;0;4.722595479;1;0;1;-0.583831163
75;18;4.722595479;8.192640729;0;1;1;-0.583831163
76;19;0;48.27082797;0;0;1;-0.004154507
77;20;0;1.071718822;1;0;0;0.064427701
78;20;1.071718822;2.167586486;1;0;0;0.064427701
79;20;2.167586486;6.040697552;1;0;0;0.064427701
80;20;6.040697552;8.709872002;1;0;0;0.064427701
81;20;8.709872002;10.34436464;1;0;0;0.064427701
82;20;10.34436464;22.04766363;1;0;0;0.064427701
83;20;22.04766363;35.9448237;1;0;0;0.064427701
84;20;35.9448237;45.62082108;0;1;0;0.064427701
85;21;0;0.656519839;1;0;0;-0.072937814
86;21;0.656519839;1.571731977;1;0;0;-0.072937814
87;21;1.571731977;2.516946642;1;0;0;-0.072937814
88;21;2.516946642;2.970125849;1;0;0;-0.072937814
89;21;2.970125849;3.559688589;1;0;0;-0.072937814
90;21;3.559688589;3.97196937;0;1;0;-0.072937814
91;22;0;6.43639983;1;0;0;-0.081955478
92;22;6.43639983;7.186456671;0;0;0;-0.081955478
93;23;0;1.153886841;1;0;0;0.881776001
94;23;1.153886841;1.609329091;0;1;0;0.881776001
95;24;0;0.106375471;0;1;1;0.381293256
96;25;0;0.903463203;1;0;0;0.55571554
97;25;0.903463203;2.314238083;0;1;0;0.55571554
98;26;0;0.037154405;1;0;0;-0.461603476
99;26;0.037154405;3.465475378;1;0;0;-0.461603476
100;26;3.465475378;7.538096523;1;0;0;-0.461603476
101;26;7.538096523;10.08714515;1;0;0;-0.461603476
102;26;10.08714515;12.63011148;1;0;0;-0.461603476
103;26;12.63011148;18.04994127;0;0;0;-0.461603476
104;27;0;1.94907574;0;1;1;0.082170919
105;28;0;0.247006538;0;1;1;0.577412594
106;29;0;4.040645849;0;1;1;-0.028260712
107;30;0;0.174999829;1;0;0;-1.064680324
108;30;0.174999829;0.353334163;1;0;0;-1.064680324
109;30;0.353334163;0.855211195;1;0;0;-1.064680324
110;30;0.855211195;1.006273259;1;0;0;-1.064680324
111;30;1.006273259;1.280342741;1;0;0;-1.064680324
112;30;1.280342741;1.333744485;1;0;0;-1.064680324
113;30;1.333744485;1.469138047;1;0;0;-1.064680324
114;30;1.469138047;2.203050065;1;0;0;-1.064680324
115;30;2.203050065;2.238100221;1;0;0;-1.064680324
116;30;2.238100221;2.31553626;1;0;0;-1.064680324
117;30;2.31553626;2.932428682;1;0;0;-1.064680324
118;30;2.932428682;2.941057238;1;0;0;-1.064680324
119;30;2.941057238;3.518225928;1;0;0;-1.064680324
120;30;3.518225928;8.413254203;1;0;0;-1.064680324
121;30;8.413254203;12.89329642;1;0;0;-1.064680324
122;30;12.89329642;13.3693572;1;0;0;-1.064680324
123;30;13.3693572;13.93703851;1;0;0;-1.064680324
124;30;13.93703851;14.50237249;1;0;0;-1.064680324
125;30;14.50237249;17.91987838;1;0;0;-1.064680324
126;30;17.91987838;24.69993236;1;0;0;-1.064680324
127;30;24.69993236;25.20776244;1;0;0;-1.064680324
128;30;25.20776244;25.96600211;1;0;0;-1.064680324
129;30;25.96600211;26.46252228;1;0;0;-1.064680324
130;30;26.46252228;28.26311053;1;0;0;-1.064680324
131;30;28.26311053;28.36783308;1;0;0;-1.064680324
132;30;28.36783308;29.97267162;1;0;0;-1.064680324
133;30;29.97267162;32.3455537;1;0;0;-1.064680324
134;30;32.3455537;37.12833407;1;0;0;-1.064680324
135;30;37.12833407;42.30781146;0;0;0;-1.064680324
136;31;0;0.155982672;1;0;0;0.172422881
137;31;0.155982672;0.563287252;1;0;0;0.172422881
138;31;0.563287252;0.641126202;0;1;0;0.172422881
139;32;0;2.065982896;1;0;1;-0.952477723
140;32;2.065982896;3.450200223;1;0;1;-0.952477723
141;32;3.450200223;3.858228148;1;0;1;-0.952477723
142;32;3.858228148;4.652478879;1;0;1;-0.952477723
143;32;4.652478879;7.319927495;1;0;1;-0.952477723
144;32;7.319927495;14.7131116;1;0;1;-0.952477723
145;32;14.7131116;43.84263323;1;0;1;-0.952477723
146;32;43.84263323;60;0;0;1;-0.952477723
147;33;0;22.13337634;0;1;1;-0.405585077
148;34;0;2.506605555;1;0;0;0.662002161
149;34;2.506605555;23.92454006;0;1;0;0.662002161
150;35;0;0.155787591;1;0;0;0.307818425
151;35;0.155787591;1.880617161;1;0;0;0.307818425
152;35;1.880617161;7.487790469;1;0;0;0.307818425
153;35;7.487790469;12.5805407;1;0;0;0.307818425
154;35;12.5805407;29.082817;1;0;0;0.307818425
155;35;29.082817;32.65214454;0;0;0;0.307818425
156;36;0;12.48293174;0;0;1;0.545834478
157;37;0;0.93695189;0;1;1;0.153302431
158;38;0;0.008339911;1;0;1;-0.055079381
159;38;0.008339911;2.225402508;0;1;1;-0.055079381
160;39;0;0.054244511;1;0;1;-0.462156387
161;39;0.054244511;4.364712871;0;1;1;-0.462156387
162;40;0;0.09982971;0;1;0;0.796456877
163;41;0;0.652944183;1;0;1;0.022505299
164;41;0.652944183;60;0;0;1;0.022505299
165;42;0;14.2670524;1;0;1;-0.3575642
166;42;14.2670524;24.55343384;1;0;1;-0.3575642
167;42;24.55343384;29.89514491;0;0;1;-0.3575642
168;43;0;0.0804325;0;1;1;0.43261155
169;44;0;0.028599524;1;0;0;0.537220479
170;44;0.028599524;0.431014038;0;1;0;0.537220479
171;45;0;0.272671418;1;0;1;0.947827387
172;45;0.272671418;1.462846981;0;1;1;0.947827387
173;46;0;0.065257177;1;0;0;-0.301498652
174;46;0.065257177;0.121908763;1;0;0;-0.301498652
175;46;0.121908763;0.410166747;1;0;0;-0.301498652
176;46;0.410166747;0.713273813;1;0;0;-0.301498652
177;46;0.713273813;3.05394349;1;0;0;-0.301498652
178;46;3.05394349;3.372419765;1;0;0;-0.301498652
179;46;3.372419765;3.981219546;1;0;0;-0.301498652
180;46;3.981219546;4.520598771;0;1;0;-0.301498652
181;47;0;0.006754511;1;0;0;-0.19543391
182;47;0.006754511;0.128179552;1;0;0;-0.19543391
183;47;0.128179552;0.374192703;1;0;0;-0.19543391
184;47;0.374192703;0.880717811;0;1;0;-0.19543391
185;48;0;0.858302721;0;1;1;-0.208111016
186;49;0;1.985546741;1;0;0;-0.187828711
187;49;1.985546741;2.523215918;1;0;0;-0.187828711
188;49;2.523215918;2.889438007;0;1;0;-0.187828711
189;50;0;0.945777082;0;1;1;-0.183315473
190;51;0;2.879791693;1;0;0;-0.147838726
191;51;2.879791693;17.2316855;1;0;0;-0.147838726
192;51;17.2316855;35.74543952;0;0;0;-0.147838726
193;52;0;0.170386833;0;1;1;0.720910205
194;53;0;0.126924386;1;0;0;-0.348769146
195;53;0.126924386;0.380340046;1;0;0;-0.348769146
196;53;0.380340046;0.436910146;0;1;0;-0.348769146
197;54;0;0.130407523;1;0;0;-0.194083753
198;54;0.130407523;0.474762463;1;0;0;-0.194083753
199;54;0.474762463;0.501020049;1;0;0;-0.194083753
200;54;0.501020049;0.780979436;1;0;0;-0.194083753
201;54;0.780979436;1.578761843;0;1;0;-0.194083753
202;55;0;0.17112214;1;0;1;0.326268226
203;55;0.17112214;0.191764935;1;0;1;0.326268226
204;55;0.191764935;0.366016465;0;1;1;0.326268226
205;56;0;0.190385457;0;1;1;0.562386223
206;57;0;0.134014655;1;0;0;-0.386055402
207;57;0.134014655;0.237482454;1;0;0;-0.386055402
208;57;0.237482454;0.387969889;1;0;0;-0.386055402
209;57;0.387969889;0.507859537;1;0;0;-0.386055402
210;57;0.507859537;2.476066275;1;0;0;-0.386055402
211;57;2.476066275;3.032954543;1;0;0;-0.386055402
212;57;3.032954543;6.035436543;1;0;0;-0.386055402
213;57;6.035436543;19.0948699;1;0;0;-0.386055402
214;57;19.0948699;32.08414469;0;0;0;-0.386055402
215;58;0;0.071010114;1;0;0;-0.254043108
216;58;0.071010114;0.240005364;1;0;0;-0.254043108
217;58;0.240005364;0.412259411;1;0;0;-0.254043108
218;58;0.412259411;1.510588558;1;0;0;-0.254043108
219;58;1.510588558;2.981794753;0;1;0;-0.254043108
220;59;0;53.08858006;0;0;1;0.261810295
221;60;0;0.654109001;1;0;1;0.508877113
222;60;0.654109001;13.37822062;0;1;1;0.508877113
223;61;0;3.875735331;1;0;1;-0.125582294
224;61;3.875735331;4.461317932;1;0;1;-0.125582294
225;61;4.461317932;23.3731713;0;1;1;-0.125582294
226;62;0;0.096537873;1;0;0;-0.714996724
227;62;0.096537873;0.775277223;1;0;0;-0.714996724
228;62;0.775277223;0.876328558;1;0;0;-0.714996724
229;62;0.876328558;0.882765247;1;0;0;-0.714996724
230;62;0.882765247;2.071773508;1;0;0;-0.714996724
231;62;2.071773508;2.902577137;1;0;0;-0.714996724
232;62;2.902577137;3.839975971;1;0;0;-0.714996724
233;62;3.839975971;7.394943966;0;0;0;-0.714996724
234;63;0;0.300590482;0;1;1;0.854560516
235;64;0;1.847392574;1;0;0;0.717534786
236;64;1.847392574;5.142080542;0;1;0;0.717534786
237;65;0;0.47305807;0;1;1;-0.355185573
238;66;0;0.078193003;1;0;0;-0.032533787
239;66;0.078193003;0.987980875;1;0;0;-0.032533787
240;66;0.987980875;1.203180402;1;0;0;-0.032533787
241;66;1.203180402;2.953648253;0;0;0;-0.032533787
242;67;0;0.05997733;1;0;1;-0.879734368
243;67;0.05997733;0.704326069;0;1;1;-0.879734368
244;68;0;0.661917562;1;0;1;0.284861486
245;68;0.661917562;1.636106986;0;1;1;0.284861486
246;69;0;0.022627226;1;0;0;0.806173399
247;69;0.022627226;0.091989451;1;0;0;0.806173399
248;69;0.091989451;0.136109775;1;0;0;0.806173399
249;69;0.136109775;0.176779948;1;0;0;0.806173399
250;69;0.176779948;2.52454093;1;0;0;0.806173399
251;69;2.52454093;5.640334781;1;0;0;0.806173399
252;69;5.640334781;6.974996701;0;1;0;0.806173399
253;70;0;0.429027763;1;0;1;-0.818640324
254;70;0.429027763;13.63265102;1;0;1;-0.818640324
255;70;13.63265102;23.59906202;1;0;1;-0.818640324
256;70;23.59906202;32.35815594;1;0;1;-0.818640324
257;70;32.35815594;46.41998034;0;0;1;-0.818640324
258;71;0;0.364981697;1;0;0;-0.389784257
259;71;0.364981697;0.38669016;1;0;0;-0.389784257
260;71;0.38669016;0.404972006;1;0;0;-0.389784257
261;71;0.404972006;0.650678046;1;0;0;-0.389784257
262;71;0.650678046;2.319183144;1;0;0;-0.389784257
263;71;2.319183144;3.061680876;1;0;0;-0.389784257
264;71;3.061680876;4.565346812;1;0;0;-0.389784257
265;71;4.565346812;7.505292914;1;0;0;-0.389784257
266;71;7.505292914;8.792742798;1;0;0;-0.389784257
267;71;8.792742798;12.2804873;1;0;0;-0.389784257
268;71;12.2804873;14.78341021;1;0;0;-0.389784257
269;71;14.78341021;18.21987775;1;0;0;-0.389784257
270;71;18.21987775;19.2519519;1;0;0;-0.389784257
271;71;19.2519519;31.08877446;1;0;0;-0.389784257
272;71;31.08877446;52.05858536;1;0;0;-0.389784257
273;71;52.05858536;60;0;0;0;-0.389784257
274;72;0;0.12372833;1;0;0;-0.320588467
275;72;0.12372833;0.391745302;1;0;0;-0.320588467
276;72;0.391745302;0.442503707;0;1;0;-0.320588467
277;73;0;3.055212314;1;0;1;-0.340565697
278;73;3.055212314;5.253597051;0;1;1;-0.340565697
279;74;0;0.020660904;1;0;0;-1.016642798
280;74;0.020660904;0.049818957;1;0;0;-1.016642798
281;74;0.049818957;0.066877486;1;0;0;-1.016642798
282;74;0.066877486;0.256201691;1;0;0;-1.016642798
283;74;0.256201691;0.36101569;1;0;0;-1.016642798
284;74;0.36101569;0.653467576;1;0;0;-1.016642798
285;74;0.653467576;0.717884365;1;0;0;-1.016642798
286;74;0.717884365;2.664546668;1;0;0;-1.016642798
287;74;2.664546668;3.121175503;1;0;0;-1.016642798
288;74;3.121175503;3.125496809;1;0;0;-1.016642798
289;74;3.125496809;4.079676099;1;0;0;-1.016642798
290;74;4.079676099;4.238288443;1;0;0;-1.016642798
291;74;4.238288443;9.012117956;1;0;0;-1.016642798
292;74;9.012117956;10.07356814;1;0;0;-1.016642798
293;74;10.07356814;10.13687102;1;0;0;-1.016642798
294;74;10.13687102;13.80487189;1;0;0;-1.016642798
295;74;13.80487189;25.05450999;1;0;0;-1.016642798
296;74;25.05450999;33.61531616;1;0;0;-1.016642798
297;74;33.61531616;38.78127225;1;0;0;-1.016642798
298;74;38.78127225;44.75522355;1;0;0;-1.016642798
299;74;44.75522355;48.30372139;1;0;0;-1.016642798
300;74;48.30372139;60;0;0;0;-1.016642798
301;75;0;2.06919984;0;0;1;0.25048178
302;76;0;0.699949862;1;0;1;-0.76589907
303;76;0.699949862;0.889039101;1;0;1;-0.76589907
304;76;0.889039101;1.597062835;1;0;1;-0.76589907
305;76;1.597062835;2.509603057;1;0;1;-0.76589907
306;76;2.509603057;2.574593693;1;0;1;-0.76589907
307;76;2.574593693;7.179241899;1;0;1;-0.76589907
308;76;7.179241899;7.933258116;0;0;1;-0.76589907
309;77;0;0.025795814;1;0;0;-0.01249882
310;77;0.025795814;0.32745219;1;0;0;-0.01249882
311;77;0.32745219;0.988555187;1;0;0;-0.01249882
312;77;0.988555187;1.341651987;1;0;0;-0.01249882
313;77;1.341651987;1.957015873;1;0;0;-0.01249882
314;77;1.957015873;3.057200083;1;0;0;-0.01249882
315;77;3.057200083;3.726800285;1;0;0;-0.01249882
316;77;3.726800285;4.026242328;1;0;0;-0.01249882
317;77;4.026242328;9.417962437;1;0;0;-0.01249882
318;77;9.417962437;12.26494104;1;0;0;-0.01249882
319;77;12.26494104;60;0;0;0;-0.01249882
320;78;0;2.226504299;1;0;0;0.296492361
321;78;2.226504299;16.19463537;0;0;0;0.296492361
322;79;0;1.396604597;0;1;1;-0.099097711
323;80;0;0.558509374;1;0;1;0.446004196
324;80;0.558509374;0.803123186;1;0;1;0.446004196
325;80;0.803123186;1.183474283;0;1;1;0.446004196
326;81;0;0.93828048;1;0;0;-0.012857535
327;81;0.93828048;3.035991278;1;0;0;-0.012857535
328;81;3.035991278;3.4173747;1;0;0;-0.012857535
329;81;3.4173747;9.26481716;1;0;0;-0.012857535
330;81;9.26481716;17.70420144;1;0;0;-0.012857535
331;81;17.70420144;22.5865781;1;0;0;-0.012857535
332;81;22.5865781;30.50758997;1;0;0;-0.012857535
333;81;30.50758997;32.60410195;1;0;0;-0.012857535
334;81;32.60410195;60;0;0;0;-0.012857535
335;82;0;0.291830881;0;1;1;-0.323830225
336;83;0;0.313547462;1;0;0;0.323179708
337;83;0.313547462;24.59581331;0;0;0;0.323179708
338;84;0;0.903936871;1;0;0;-0.21691637
339;84;0.903936871;3.890004306;1;0;0;-0.21691637
340;84;3.890004306;10.1249043;1;0;0;-0.21691637
341;84;10.1249043;16.13404345;0;0;0;-0.21691637
342;85;0;0.715694885;0;1;1;0.886305592
343;86;0;0.647876937;1;0;1;-0.009129856
344;86;0.647876937;5.48696598;0;0;1;-0.009129856
345;87;0;0.168071954;1;0;0;0.426407497
346;87;0.168071954;1.503706856;1;0;0;0.426407497
347;87;1.503706856;2.825858846;1;0;0;0.426407497
348;87;2.825858846;4.337908524;1;0;0;0.426407497
349;87;4.337908524;21.45419871;1;0;0;0.426407497
350;87;21.45419871;34.31926041;1;0;0;0.426407497
351;87;34.31926041;60;0;0;0;0.426407497
352;88;0;0.043648886;1;0;0;0.102581452
353;88;0.043648886;0.400977799;1;0;0;0.102581452
354;88;0.400977799;3.001825055;0;1;0;0.102581452
355;89;0;0.466319418;1;0;1;-1.504024299
356;89;0.466319418;0.483993603;1;0;1;-1.504024299
357;89;0.483993603;0.941962354;1;0;1;-1.504024299
358;89;0.941962354;1.192791035;1;0;1;-1.504024299
359;89;1.192791035;1.399190954;1;0;1;-1.504024299
360;89;1.399190954;1.475062005;1;0;1;-1.504024299
361;89;1.475062005;2.797297232;1;0;1;-1.504024299
362;89;2.797297232;3.98290677;1;0;1;-1.504024299
363;89;3.98290677;4.323246779;1;0;1;-1.504024299
364;89;4.323246779;5.040931941;1;0;1;-1.504024299
365;89;5.040931941;5.981059494;1;0;1;-1.504024299
366;89;5.981059494;6.126283791;1;0;1;-1.504024299
367;89;6.126283791;7.501150745;1;0;1;-1.504024299
368;89;7.501150745;7.711734687;1;0;1;-1.504024299
369;89;7.711734687;8.645201359;1;0;1;-1.504024299
370;89;8.645201359;11.87021164;0;1;1;-1.504024299
371;90;0;0.12578338;1;0;0;-0.683055966
372;90;0.12578338;0.45698335;1;0;0;-0.683055966
373;90;0.45698335;5.168105688;1;0;0;-0.683055966
374;90;5.168105688;6.12648079;1;0;0;-0.683055966
375;90;6.12648079;15.44263861;1;0;0;-0.683055966
376;90;15.44263861;18.13464299;1;0;0;-0.683055966
377;90;18.13464299;18.90811567;1;0;0;-0.683055966
378;90;18.90811567;20.82206096;1;0;0;-0.683055966
379;90;20.82206096;29.3665812;0;0;0;-0.683055966
380;91;0;0.05756783;1;0;0;-0.21205113
381;91;0.05756783;0.252071911;1;0;0;-0.21205113
382;91;0.252071911;0.603121522;1;0;0;-0.21205113
383;91;0.603121522;4.95734404;1;0;0;-0.21205113
384;91;4.95734404;5.284755051;1;0;0;-0.21205113
385;91;5.284755051;19.15314312;1;0;0;-0.21205113
386;91;19.15314312;20.29353057;1;0;0;-0.21205113
387;91;20.29353057;21.81307251;1;0;0;-0.21205113
388;91;21.81307251;22.16426973;1;0;0;-0.21205113
389;91;22.16426973;25.75608482;1;0;0;-0.21205113
390;91;25.75608482;28.0026016;1;0;0;-0.21205113
391;91;28.0026016;60;0;0;0;-0.21205113
392;92;0;0.421987595;1;0;1;0.118401832
393;92;0.421987595;1.707244125;1;0;1;0.118401832
394;92;1.707244125;19.27963102;0;1;1;0.118401832
395;93;0;0.113238245;1;0;0;-1.17136156
396;93;0.113238245;2.248929073;1;0;0;-1.17136156
397;93;2.248929073;2.737893513;1;0;0;-1.17136156
398;93;2.737893513;4.571789054;1;0;0;-1.17136156
399;93;4.571789054;5.977978432;0;0;0;-1.17136156
400;94;0;0.611076012;1;0;1;0.480848317
401;94;0.611076012;9.01343512;0;1;1;0.480848317
402;95;0;0.677345794;1;0;1;-0.302212867
403;95;0.677345794;25.07996909;1;0;1;-0.302212867
404;95;25.07996909;43.38433141;1;0;1;-0.302212867
405;95;43.38433141;53.47733893;0;0;1;-0.302212867
406;96;0;2.900263596;0;1;1;-0.37643864
407;97;0;0.648745198;1;0;0;-0.777805796
408;97;0.648745198;0.776547579;1;0;0;-0.777805796
409;97;0.776547579;1.060736996;1;0;0;-0.777805796
410;97;1.060736996;2.129674095;1;0;0;-0.777805796
411;97;2.129674095;4.144235852;1;0;0;-0.777805796
412;97;4.144235852;5.708743446;1;0;0;-0.777805796
413;97;5.708743446;7.085890719;1;0;0;-0.777805796
414;97;7.085890719;13.57542527;0;0;0;-0.777805796
415;98;0;0.011003312;1;0;0;-0.726946869
416;98;0.011003312;1.303575102;1;0;0;-0.726946869
417;98;1.303575102;2.425718147;1;0;0;-0.726946869
418;98;2.425718147;2.878815466;1;0;0;-0.726946869
419;98;2.878815466;3.376136471;0;1;0;-0.726946869
420;99;0;0.062914323;1;0;0;0.028165918
421;99;0.062914323;0.171546584;1;0;0;0.028165918
422;99;0.171546584;0.377768962;1;0;0;0.028165918
423;99;0.377768962;0.457802567;1;0;0;0.028165918
424;99;0.457802567;1.109299362;1;0;0;0.028165918
425;99;1.109299362;1.121945917;1;0;0;0.028165918
426;99;1.121945917;2.464284026;1;0;0;0.028165918
427;99;2.464284026;3.411940332;1;0;0;0.028165918
428;99;3.411940332;4.389662751;0;1;0;0.028165918
429;100;0;0.987668486;1;0;0;0.254684703
430;100;0.987668486;1.997196972;1;0;0;0.254684703
431;100;1.997196972;2.264997458;0;1;0;0.254684703
432;101;0;0.341998678;1;0;1;-1.04894148
433;101;0.341998678;1.402323104;1;0;1;-1.04894148
434;101;1.402323104;3.908195697;0;1;1;-1.04894148
435;102;0;0.01283358;1;0;1;-0.50218099
436;102;0.01283358;0.617585419;1;0;1;-0.50218099
437;102;0.617585419;1.438540237;1;0;1;-0.50218099
438;102;1.438540237;1.581054094;1;0;1;-0.50218099
439;102;1.581054094;2.322184454;1;0;1;-0.50218099
440;102;2.322184454;3.04706178;1;0;1;-0.50218099
441;102;3.04706178;16.35158453;0;1;1;-0.50218099
442;103;0;0.207329615;1;0;1;0.267885861
443;103;0.207329615;0.376897706;0;1;1;0.267885861
444;104;0;0.493714007;1;0;1;-0.226518542
445;104;0.493714007;4.663990214;0;0;1;-0.226518542
446;105;0;3.936353273;1;0;0;1.082684251
447;105;3.936353273;10.90958959;1;0;0;1.082684251
448;105;10.90958959;37.57458631;0;0;0;1.082684251
449;106;0;0.091011697;0;1;1;0.622873336
450;107;0;4.423984903;0;1;0;0.297749017
451;108;0;3.750728814;0;1;1;0.002442225
452;109;0;2.923529411;0;1;1;0.139680391
453;110;0;0.224415849;1;0;0;-0.352953063
454;110;0.224415849;0.553700662;1;0;0;-0.352953063
455;110;0.553700662;2.563153722;1;0;0;-0.352953063
456;110;2.563153722;6.19874238;1;0;0;-0.352953063
457;110;6.19874238;7.377209065;1;0;0;-0.352953063
458;110;7.377209065;10.83402379;1;0;0;-0.352953063
459;110;10.83402379;15.38988385;1;0;0;-0.352953063
460;110;15.38988385;22.11485021;1;0;0;-0.352953063
461;110;22.11485021;37.87777668;1;0;0;-0.352953063
462;110;37.87777668;53.76983527;0;0;0;-0.352953063
463;111;0;0.100477577;1;0;0;0.314008576
464;111;0.100477577;1.187293376;1;0;0;0.314008576
465;111;1.187293376;11.16150754;0;0;0;0.314008576
466;112;0;1.355131926;1;0;0;0.74010698
467;112;1.355131926;11.5779129;0;0;0;0.74010698
468;113;0;0.452603504;0;1;0;0.541714955
469;114;0;0.008669562;1;0;1;-0.406622128
470;114;0.008669562;18.20897688;1;0;1;-0.406622128
471;114;18.20897688;38.88381106;1;0;1;-0.406622128
472;114;38.88381106;42.05319772;0;0;1;-0.406622128
473;115;0;0.635536259;0;1;1;-0.809438425
474;116;0;0.157826978;1;0;0;-0.05482785
475;116;0.157826978;0.810824716;1;0;0;-0.05482785
476;116;0.810824716;1.347449492;1;0;0;-0.05482785
477;116;1.347449492;19.54021602;0;0;0;-0.05482785
478;117;0;0.287024212;1;0;1;0.220444685
479;117;0.287024212;1.033851488;1;0;1;0.220444685
480;117;1.033851488;5.147307081;0;1;1;0.220444685
481;118;0;0.068461403;1;0;0;0.67549699
482;118;0.068461403;7.370019038;1;0;0;0.67549699
483;118;7.370019038;7.995804716;1;0;0;0.67549699
484;118;7.995804716;14.17586907;0;1;0;0.67549699
485;119;0;0.041665958;0;1;1;-0.659304742
486;120;0;1.534809033;0;0;0;0.182192296
487;121;0;4.384694025;0;0;1;0.116749918
488;122;0;22.12868657;0;1;1;0.596977631
489;123;0;1.530471538;1;0;1;-0.013954986
490;123;1.530471538;2.49015871;0;1;1;-0.013954986
491;124;0;0.394692026;1;0;1;-0.178649427
492;124;0.394692026;0.630830439;1;0;1;-0.178649427
493;124;0.630830439;56.3257289;0;0;1;-0.178649427
494;125;0;0.02674788;1;0;0;-0.573407068
495;125;0.02674788;0.280114769;1;0;0;-0.573407068
496;125;0.280114769;4.583482473;1;0;0;-0.573407068
497;125;4.583482473;12.98501138;1;0;0;-0.573407068
498;125;12.98501138;15.35360792;1;0;0;-0.573407068
499;125;15.35360792;24.23267476;0;0;0;-0.573407068
500;126;0;1.446707863;1;0;1;-0.258710242
501;126;1.446707863;2.886144667;1;0;1;-0.258710242
502;126;2.886144667;5.399118809;1;0;1;-0.258710242
503;126;5.399118809;10.41722359;1;0;1;-0.258710242
504;126;10.41722359;13.63813125;1;0;1;-0.258710242
505;126;13.63813125;15.48515596;1;0;1;-0.258710242
506;126;15.48515596;17.05667998;0;1;1;-0.258710242
507;127;0;0.00598966;1;0;0;-0.181061886
508;127;0.00598966;0.528921644;0;1;0;-0.181061886
509;128;0;0.157739473;0;1;1;1.175277163
510;129;0;0.433280366;0;1;0;1.223265688
511;130;0;0.211900394;1;0;1;-0.08335164
512;130;0.211900394;1.045866962;0;1;1;-0.08335164
513;131;0;0.209989136;1;0;1;-0.52183372
514;131;0.209989136;0.774848036;0;1;1;-0.52183372
515;132;0;3.811025602;1;0;1;-0.986467467
516;132;3.811025602;7.552871177;1;0;1;-0.986467467
517;132;7.552871177;60;0;0;1;-0.986467467
518;133;0;0.338111903;0;1;1;0.257335817
519;134;0;0.165541379;1;0;0;-0.545286792
520;134;0.165541379;0.199941455;1;0;0;-0.545286792
521;134;0.199941455;0.201825098;1;0;0;-0.545286792
522;134;0.201825098;0.371974414;1;0;0;-0.545286792
523;134;0.371974414;0.55922247;1;0;0;-0.545286792
524;134;0.55922247;0.588455968;1;0;0;-0.545286792
525;134;0.588455968;1.442416068;1;0;0;-0.545286792
526;134;1.442416068;1.878682193;1;0;0;-0.545286792
527;134;1.878682193;2.159932718;1;0;0;-0.545286792
528;134;2.159932718;2.937352024;1;0;0;-0.545286792
529;134;2.937352024;4.620642285;1;0;0;-0.545286792
530;134;4.620642285;5.056344256;1;0;0;-0.545286792
531;134;5.056344256;7.620294826;1;0;0;-0.545286792
532;134;7.620294826;7.715374616;1;0;0;-0.545286792
533;134;7.715374616;12.73888327;1;0;0;-0.545286792
534;134;12.73888327;13.73675328;1;0;0;-0.545286792
535;134;13.73675328;14.72970213;1;0;0;-0.545286792
536;134;14.72970213;26.85184855;1;0;0;-0.545286792
537;134;26.85184855;29.18865416;1;0;0;-0.545286792
538;134;29.18865416;30.3294185;1;0;0;-0.545286792
539;134;30.3294185;36.24715618;1;0;0;-0.545286792
540;134;36.24715618;41.23497946;1;0;0;-0.545286792
541;134;41.23497946;44.17778308;1;0;0;-0.545286792
542;134;44.17778308;46.58273138;1;0;0;-0.545286792
543;134;46.58273138;46.81673252;1;0;0;-0.545286792
544;134;46.81673252;49.76575819;1;0;0;-0.545286792
545;134;49.76575819;52.40804095;1;0;0;-0.545286792
546;134;52.40804095;53.30664049;1;0;0;-0.545286792
547;134;53.30664049;60;0;0;0;-0.545286792
548;135;0;0.074890062;0;1;1;1.142329663
549;136;0;0.176926729;1;0;1;-0.442808786
550;136;0.176926729;0.585406429;1;0;1;-0.442808786
551;136;0.585406429;1.496749772;0;1;1;-0.442808786
552;137;0;0.201002347;1;0;0;0.055553215
553;137;0.201002347;0.753514244;1;0;0;0.055553215
554;137;0.753514244;2.259811471;0;1;0;0.055553215
555;138;0;1.375877985;1;0;0;1.90513834
556;138;1.375877985;1.442212433;0;1;0;1.90513834
557;139;0;12.06150716;1;0;1;-0.554454999
558;139;12.06150716;19.55238679;1;0;1;-0.554454999
559;139;19.55238679;60;0;0;1;-0.554454999
560;140;0;0.26807968;1;0;0;0.153783312
561;140;0.26807968;0.613596473;1;0;0;0.153783312
562;140;0.613596473;0.657186047;1;0;0;0.153783312
563;140;0.657186047;0.957199002;1;0;0;0.153783312
564;140;0.957199002;1.603142033;1;0;0;0.153783312
565;140;1.603142033;1.671938768;1;0;0;0.153783312
566;140;1.671938768;1.971821502;0;1;0;0.153783312
567;141;0;0.029018034;1;0;1;-0.553447236
568;141;0.029018034;1.02871966;1;0;1;-0.553447236
569;141;1.02871966;1.301450749;0;1;1;-0.553447236
570;142;0;0.05719276;0;1;1;0.173826824
571;143;0;0.261404675;0;1;1;-0.436632268
572;144;0;0.582284428;0;1;1;0.038651561
573;145;0;3.470025641;1;0;0;-0.148434321
574;145;3.470025641;11.45840353;0;0;0;-0.148434321
575;146;0;3.269356323;0;1;1;-0.59162112
576;147;0;0.015565856;1;0;0;0.005646344
577;147;0.015565856;0.222520786;0;1;0;0.005646344
578;148;0;0.810647056;0;1;1;0.495800518
579;149;0;1.96641583;0;1;1;0.796983727
580;150;0;0.045654651;1;0;1;-0.686355635
581;150;0.045654651;0.498972173;1;0;1;-0.686355635
582;150;0.498972173;0.611198408;1;0;1;-0.686355635
583;150;0.611198408;0.911981676;1;0;1;-0.686355635
584;150;0.911981676;1.013623382;1;0;1;-0.686355635
585;150;1.013623382;2.833150435;1;0;1;-0.686355635
586;150;2.833150435;14.8457315;1;0;1;-0.686355635
587;150;14.8457315;19.17418807;1;0;1;-0.686355635
588;150;19.17418807;47.84360816;0;1;1;-0.686355635
589;151;0;0.215015141;1;0;0;-0.124805467
590;151;0.215015141;1.344141233;1;0;0;-0.124805467
591;151;1.344141233;4.231631113;1;0;0;-0.124805467
592;151;4.231631113;4.657548679;1;0;0;-0.124805467
593;151;4.657548679;5.179049567;0;1;0;-0.124805467
594;152;0;1.249217939;1;0;0;0.579712263
595;152;1.249217939;12.43421637;1;0;0;0.579712263
596;152;12.43421637;15.13750164;0;0;0;0.579712263
597;153;0;0.059056497;1;0;1;-0.557111174
598;153;0.059056497;0.213181472;1;0;1;-0.557111174
599;153;0.213181472;0.686841553;1;0;1;-0.557111174
600;153;0.686841553;1.195214746;1;0;1;-0.557111174
601;153;1.195214746;1.91508244;1;0;1;-0.557111174
602;153;1.91508244;1.996525823;1;0;1;-0.557111174
603;153;1.996525823;2.46902159;1;0;1;-0.557111174
604;153;2.46902159;4.242568782;1;0;1;-0.557111174
605;153;4.242568782;7.147710022;1;0;1;-0.557111174
606;153;7.147710022;7.264152949;1;0;1;-0.557111174
607;153;7.264152949;7.91632599;1;0;1;-0.557111174
608;153;7.91632599;17.54616615;1;0;1;-0.557111174
609;153;17.54616615;20.52213656;0;1;1;-0.557111174
610;154;0;0.048755923;1;0;0;-1.264250344
611;154;0.048755923;0.065111718;1;0;0;-1.264250344
612;154;0.065111718;0.092390773;1;0;0;-1.264250344
613;154;0.092390773;0.18733835;1;0;0;-1.264250344
614;154;0.18733835;0.22987219;1;0;0;-1.264250344
615;154;0.22987219;0.294656345;1;0;0;-1.264250344
616;154;0.294656345;0.363690646;1;0;0;-1.264250344
617;154;0.363690646;0.468161241;1;0;0;-1.264250344
618;154;0.468161241;0.505956979;1;0;0;-1.264250344
619;154;0.505956979;0.562230398;1;0;0;-1.264250344
620;154;0.562230398;0.689766045;1;0;0;-1.264250344
621;154;0.689766045;0.794458556;1;0;0;-1.264250344
622;154;0.794458556;0.858473915;1;0;0;-1.264250344
623;154;0.858473915;0.893646921;1;0;0;-1.264250344
624;154;0.893646921;0.931359071;1;0;0;-1.264250344
625;154;0.931359071;1.204673271;1;0;0;-1.264250344
626;154;1.204673271;1.505969725;1;0;0;-1.264250344
627;154;1.505969725;1.574686001;1;0;0;-1.264250344
628;154;1.574686001;2.084140147;1;0;0;-1.264250344
629;154;2.084140147;2.465199995;1;0;0;-1.264250344
630;154;2.465199995;2.511103732;1;0;0;-1.264250344
631;154;2.511103732;2.543262558;1;0;0;-1.264250344
632;154;2.543262558;2.963489556;1;0;0;-1.264250344
633;154;2.963489556;3.826998331;1;0;0;-1.264250344
634;154;3.826998331;4.141364003;1;0;0;-1.264250344
635;154;4.141364003;4.783294924;1;0;0;-1.264250344
636;154;4.783294924;5.695591198;1;0;0;-1.264250344
637;154;5.695591198;5.706898578;1;0;0;-1.264250344
638;154;5.706898578;6.544289576;1;0;0;-1.264250344
639;154;6.544289576;6.631289443;1;0;0;-1.264250344
640;154;6.631289443;7.237566276;1;0;0;-1.264250344
641;154;7.237566276;8.017473297;1;0;0;-1.264250344
642;154;8.017473297;8.131137668;1;0;0;-1.264250344
643;154;8.131137668;8.17344375;1;0;0;-1.264250344
644;154;8.17344375;9.604447009;1;0;0;-1.264250344
645;154;9.604447009;10.53973712;1;0;0;-1.264250344
646;154;10.53973712;12.26735344;1;0;0;-1.264250344
647;154;12.26735344;12.8044451;1;0;0;-1.264250344
648;154;12.8044451;13.88812135;1;0;0;-1.264250344
649;154;13.88812135;16.91454268;1;0;0;-1.264250344
650;154;16.91454268;20.76609671;1;0;0;-1.264250344
651;154;20.76609671;21.20654428;1;0;0;-1.264250344
652;154;21.20654428;24.69192482;1;0;0;-1.264250344
653;154;24.69192482;26.13381444;1;0;0;-1.264250344
654;154;26.13381444;28.14446107;1;0;0;-1.264250344
655;154;28.14446107;28.22225566;1;0;0;-1.264250344
656;154;28.22225566;28.5357275;1;0;0;-1.264250344
657;154;28.5357275;35.73278408;1;0;0;-1.264250344
658;154;35.73278408;47.00049607;1;0;0;-1.264250344
659;154;47.00049607;54.4690978;1;0;0;-1.264250344
660;154;54.4690978;58.97159406;1;0;0;-1.264250344
661;154;58.97159406;60;0;0;0;-1.264250344
662;155;0;1.39426857;0;0;0;-0.467951279
663;156;0;3.20851449;1;0;1;-0.483619729
664;156;3.20851449;9.470747055;1;0;1;-0.483619729
665;156;9.470747055;36.57188455;0;0;1;-0.483619729
666;157;0;2.270125389;0;1;1;0.023744296
667;158;0;0.59125317;1;0;0;-0.201868397
668;158;0.59125317;1.527556544;1;0;0;-0.201868397
669;158;1.527556544;4.731577743;1;0;0;-0.201868397
670;158;4.731577743;6.912977926;1;0;0;-0.201868397
671;158;6.912977926;8.673528864;1;0;0;-0.201868397
672;158;8.673528864;11.16104785;1;0;0;-0.201868397
673;158;11.16104785;25.15607945;1;0;0;-0.201868397
674;158;25.15607945;25.86832936;1;0;0;-0.201868397
675;158;25.86832936;26.14356407;1;0;0;-0.201868397
676;158;26.14356407;46.02714121;1;0;0;-0.201868397
677;158;46.02714121;53.61263483;0;0;0;-0.201868397
678;159;0;0.371881714;1;0;0;0.115748064
679;159;0.371881714;1.195198037;1;0;0;0.115748064
680;159;1.195198037;1.220517046;1;0;0;0.115748064
681;159;1.220517046;1.642495499;1;0;0;0.115748064
682;159;1.642495499;1.773517664;1;0;0;0.115748064
683;159;1.773517664;1.819799983;1;0;0;0.115748064
684;159;1.819799983;3.234714718;1;0;0;0.115748064
685;159;3.234714718;3.873111565;1;0;0;0.115748064
686;159;3.873111565;3.992311244;1;0;0;0.115748064
687;159;3.992311244;6.108157203;1;0;0;0.115748064
688;159;6.108157203;7.821208637;1;0;0;0.115748064
689;159;7.821208637;16.34703808;1;0;0;0.115748064
690;159;16.34703808;17.21054199;1;0;0;0.115748064
691;159;17.21054199;18.24432667;1;0;0;0.115748064
692;159;18.24432667;18.90647813;1;0;0;0.115748064
693;159;18.90647813;22.74054131;1;0;0;0.115748064
694;159;22.74054131;51.5894623;1;0;0;0.115748064
695;159;51.5894623;60;0;0;0;0.115748064
696;160;0;0.304922247;1;0;1;-0.211186204
697;160;0.304922247;0.456738405;1;0;1;-0.211186204
698;160;0.456738405;0.674935158;1;0;1;-0.211186204
699;160;0.674935158;3.113508035;1;0;1;-0.211186204
700;160;3.113508035;10.97612208;0;1;1;-0.211186204
701;161;0;4.773049194;1;0;1;0.187059197
702;161;4.773049194;46.3332333;1;0;1;0.187059197
703;161;46.3332333;60;0;0;1;0.187059197
704;162;0;0.044845752;1;0;1;-0.183002887
705;162;0.044845752;0.284632695;0;1;1;-0.183002887
706;163;0;2.621638203;1;0;1;0.595050723
707;163;2.621638203;3.172874798;1;0;1;0.595050723
708;163;3.172874798;19.80630233;0;0;1;0.595050723
709;164;0;0.145548582;0;1;1;-0.368663763
710;165;0;3.456515829;1;0;0;0.145333323
711;165;3.456515829;3.948591681;1;0;0;0.145333323
712;165;3.948591681;5.612211732;1;0;0;0.145333323
713;165;5.612211732;36.36713279;1;0;0;0.145333323
714;165;36.36713279;60;0;0;0;0.145333323
715;166;0;0.213328665;1;0;0;-0.442424784
716;166;0.213328665;1.016231494;1;0;0;-0.442424784
717;166;1.016231494;1.588757178;1;0;0;-0.442424784
718;166;1.588757178;2.298858467;1;0;0;-0.442424784
719;166;2.298858467;2.754827111;1;0;0;-0.442424784
720;166;2.754827111;2.821251942;1;0;0;-0.442424784
721;166;2.821251942;3.375709442;1;0;0;-0.442424784
722;166;3.375709442;4.035306641;1;0;0;-0.442424784
723;166;4.035306641;6.36115898;1;0;0;-0.442424784
724;166;6.36115898;6.517451109;1;0;0;-0.442424784
725;166;6.517451109;6.703235249;1;0;0;-0.442424784
726;166;6.703235249;7.024533307;1;0;0;-0.442424784
727;166;7.024533307;7.176601595;1;0;0;-0.442424784
728;166;7.176601595;7.802152154;1;0;0;-0.442424784
729;166;7.802152154;8.643991895;1;0;0;-0.442424784
730;166;8.643991895;15.78449778;1;0;0;-0.442424784
731;166;15.78449778;23.13043795;1;0;0;-0.442424784
732;166;23.13043795;39.58831762;1;0;0;-0.442424784
733;166;39.58831762;42.44740096;1;0;0;-0.442424784
734;166;42.44740096;42.71762556;1;0;0;-0.442424784
735;166;42.71762556;60;0;0;0;-0.442424784
736;167;0;0.547400776;1;0;0;0.104003239
737;167;0.547400776;0.716162278;0;0;0;0.104003239
738;168;0;0.023682637;1;0;0;-0.023865086
739;168;0.023682637;1.841073751;1;0;0;-0.023865086
740;168;1.841073751;2.061693885;0;1;0;-0.023865086
741;169;0;0.491519143;1;0;1;-0.842260323
742;169;0.491519143;7.715720943;1;0;1;-0.842260323
743;169;7.715720943;44.0094817;0;0;1;-0.842260323
744;170;0;0.496410586;1;0;1;-0.072113278
745;170;0.496410586;0.658096942;0;1;1;-0.072113278
746;171;0;0.709399851;1;0;0;0.590106833
747;171;0.709399851;2.774818686;1;0;0;0.590106833
748;171;2.774818686;2.90008334;1;0;0;0.590106833
749;171;2.90008334;4.955657746;1;0;0;0.590106833
750;171;4.955657746;5.250823435;1;0;0;0.590106833
751;171;5.250823435;9.720588521;0;0;0;0.590106833
752;172;0;0.482283667;1;0;0;0.340699962
753;172;0.482283667;4.685745869;0;0;0;0.340699962
754;173;0;30.59230576;0;0;1;0.071623815
755;174;0;5.177782343;0;0;0;-0.596158222
756;175;0;2.551434337;1;0;0;0.584614326
757;175;2.551434337;2.646677154;1;0;0;0.584614326
758;175;2.646677154;3.655538371;1;0;0;0.584614326
759;175;3.655538371;5.26056737;0;1;0;0.584614326
760;176;0;0.25739572;1;0;1;0.039600854
761;176;0.25739572;1.887481289;1;0;1;0.039600854
762;176;1.887481289;4.762260093;0;1;1;0.039600854
763;177;0;1.162810378;0;0;0;-0.225886876
764;178;0;2.84246084;1;0;1;0.821014106
765;178;2.84246084;7.846832287;1;0;1;0.821014106
766;178;7.846832287;10.62963369;0;1;1;0.821014106
767;179;0;7.82506359;0;0;0;-0.384796161
768;180;0;0.067206101;1;0;0;0.15168048
769;180;0.067206101;0.503778363;1;0;0;0.15168048
770;180;0.503778363;2.11404456;0;1;0;0.15168048
771;181;0;0.97153019;0;1;1;0.640868711
772;182;0;0.368217603;0;1;0;0.912405017
773;183;0;0.019481149;1;0;0;-0.153511132
774;183;0.019481149;0.359013208;1;0;0;-0.153511132
775;183;0.359013208;0.464164111;1;0;0;-0.153511132
776;183;0.464164111;0.68452966;1;0;0;-0.153511132
777;183;0.68452966;0.749261352;1;0;0;-0.153511132
778;183;0.749261352;0.91754018;1;0;0;-0.153511132
779;183;0.91754018;1.681736647;1;0;0;-0.153511132
780;183;1.681736647;2.683830762;1;0;0;-0.153511132
781;183;2.683830762;2.982324721;1;0;0;-0.153511132
782;183;2.982324721;6.704596149;1;0;0;-0.153511132
783;183;6.704596149;8.391270648;1;0;0;-0.153511132
784;183;8.391270648;12.57552327;1;0;0;-0.153511132
785;183;12.57552327;27.6726102;1;0;0;-0.153511132
786;183;27.6726102;32.92247266;1;0;0;-0.153511132
787;183;32.92247266;39.75066564;1;0;0;-0.153511132
788;183;39.75066564;56.42978225;0;0;0;-0.153511132
789;184;0;0.088014125;1;0;1;-0.209209052
790;184;0.088014125;0.095143562;0;1;1;-0.209209052
791;185;0;3.276811229;0;1;1;0.177567765
792;186;0;0.411453283;0;1;1;0.256740557
793;187;0;1.027002052;1;0;1;0.0093037
794;187;1.027002052;6.409947095;1;0;1;0.0093037
795;187;6.409947095;10.61384893;1;0;1;0.0093037
796;187;10.61384893;12.54786178;0;1;1;0.0093037
797;188;0;1.50130148;0;1;1;0.659224486
798;189;0;4.292733831;1;0;1;-0.032916
799;189;4.292733831;5.586926727;0;1;1;-0.032916
800;190;0;0.461275254;1;0;1;-0.350148039
801;190;0.461275254;0.597982786;1;0;1;-0.350148039
802;190;0.597982786;0.846173242;1;0;1;-0.350148039
803;190;0.846173242;4.178915282;1;0;1;-0.350148039
804;190;4.178915282;60;0;0;1;-0.350148039
805;191;0;21.82055706;0;0;0;0.268663066
806;192;0;0.159445547;1;0;0;-1.100891161
807;192;0.159445547;0.191623142;1;0;0;-1.100891161
808;192;0.191623142;0.237616866;1;0;0;-1.100891161
809;192;0.237616866;0.35456006;1;0;0;-1.100891161
810;192;0.35456006;0.645376182;1;0;0;-1.100891161
811;192;0.645376182;1.171723356;1;0;0;-1.100891161
812;192;1.171723356;1.548748792;1;0;0;-1.100891161
813;192;1.548748792;2.384202766;1;0;0;-1.100891161
814;192;2.384202766;7.285142437;1;0;0;-1.100891161
815;192;7.285142437;8.161039237;1;0;0;-1.100891161
816;192;8.161039237;9.496145961;1;0;0;-1.100891161
817;192;9.496145961;9.748006219;1;0;0;-1.100891161
818;192;9.748006219;12.7064079;1;0;0;-1.100891161
819;192;12.7064079;12.97313323;1;0;0;-1.100891161
820;192;12.97313323;15.80201944;1;0;0;-1.100891161
821;192;15.80201944;26.08085633;1;0;0;-1.100891161
822;192;26.08085633;26.52707985;1;0;0;-1.100891161
823;192;26.52707985;31.22020196;1;0;0;-1.100891161
824;192;31.22020196;37.21286767;0;0;0;-1.100891161
825;193;0;0.09226136;1;0;0;0.195986872
826;193;0.09226136;0.4761487;1;0;0;0.195986872
827;193;0.4761487;0.581903994;1;0;0;0.195986872
828;193;0.581903994;1.508006507;1;0;0;0.195986872
829;193;1.508006507;2.936205586;1;0;0;0.195986872
830;193;2.936205586;3.971812846;1;0;0;0.195986872
831;193;3.971812846;6.2855907;0;0;0;0.195986872
832;194;0;0.011333289;1;0;0;0.248480476
833;194;0.011333289;0.803258241;1;0;0;0.248480476
834;194;0.803258241;2.56014482;0;1;0;0.248480476
835;195;0;6.123694396;1;0;1;-0.112437358
836;195;6.123694396;21.44470645;1;0;1;-0.112437358
837;195;21.44470645;60;0;0;1;-0.112437358
838;196;0;0.203963307;1;0;0;-0.558571583
839;196;0.203963307;0.588752863;1;0;0;-0.558571583
840;196;0.588752863;3.263364451;1;0;0;-0.558571583
841;196;3.263364451;4.329713465;1;0;0;-0.558571583
842;196;4.329713465;4.411163062;1;0;0;-0.558571583
843;196;4.411163062;7.33689137;1;0;0;-0.558571583
844;196;7.33689137;10.82546106;1;0;0;-0.558571583
845;196;10.82546106;11.05747488;1;0;0;-0.558571583
846;196;11.05747488;13.90107311;1;0;0;-0.558571583
847;196;13.90107311;20.14201548;1;0;0;-0.558571583
848;196;20.14201548;24.43627973;1;0;0;-0.558571583
849;196;24.43627973;24.97109375;1;0;0;-0.558571583
850;196;24.97109375;24.97816885;1;0;0;-0.558571583
851;196;24.97816885;32.79321792;1;0;0;-0.558571583
852;196;32.79321792;36.10160061;1;0;0;-0.558571583
853;196;36.10160061;36.18946789;1;0;0;-0.558571583
854;196;36.18946789;42.02410964;1;0;0;-0.558571583
855;196;42.02410964;46.31988433;1;0;0;-0.558571583
856;196;46.31988433;52.58824248;1;0;0;-0.558571583
857;196;52.58824248;60;0;0;0;-0.558571583
858;197;0;0.139957254;0;0;0;-0.197497302
859;198;0;0.757060754;0;1;0;0.774915171
860;199;0;2.753599059;1;0;0;-0.37175724
861;199;2.753599059;8.353769907;1;0;0;-0.37175724
862;199;8.353769907;9.135297134;1;0;0;-0.37175724
863;199;9.135297134;9.984088288;1;0;0;-0.37175724
864;199;9.984088288;12.12456081;1;0;0;-0.37175724
865;199;12.12456081;23.32768899;1;0;0;-0.37175724
866;199;23.32768899;26.91891956;1;0;0;-0.37175724
867;199;26.91891956;27.16103754;1;0;0;-0.37175724
868;199;27.16103754;27.58455816;1;0;0;-0.37175724
869;199;27.58455816;50.18538958;0;0;0;-0.37175724
870;200;0;0.785915101;1;0;1;-1.165856059
871;200;0.785915101;1.391920531;1;0;1;-1.165856059
872;200;1.391920531;1.401162753;1;0;1;-1.165856059
873;200;1.401162753;1.85969646;1;0;1;-1.165856059
874;200;1.85969646;4.707146514;0;1;1;-1.165856059
